run,evaluated_examples,matched_ground_truth,avg_prediction_time_taken,answer_token_precision_mean,answer_token_precision_std,answer_token_recall_mean,answer_token_recall_std,answer_token_f1_mean,answer_token_f1_std,gt_entity_total_mean,gt_entity_total_std,gt_entity_covered_mean,gt_entity_covered_std,gt_entity_coverage_mean,gt_entity_coverage_std,bertscore_precision_mean,bertscore_precision_std,bertscore_recall_mean,bertscore_recall_std,bertscore_f1_mean,bertscore_f1_std
fullcontext,38,38,35.127638309667084,0.5954741447339736,0.1499027459266897,0.47270260900682304,0.2086899472814585,0.5080970122510048,0.17708679136708738,2.289473684210526,2.7598266175157127,0.13157894736842105,0.3425699874501045,0.08114035087719297,0.2423660601168618,0.8077401440394553,0.030868878406913717,0.8259634453999368,0.04197877971057888,0.8163970802959643,0.032538683067340486
grasp,38,38,171.99321888454222,0.23548140209997068,0.22848460956782862,0.2691749377071715,0.26735328781266493,0.24376771569535455,0.2334615001583939,2.289473684210526,2.7598266175157127,0.5263157894736842,2.1527712134785233,0.08771929824561403,0.2292003402132043,0.8577027640172413,0.02682956354435166,0.8052402032273156,0.05951924884997683,0.8298130333423615,0.04041092277793037
llmbased,38,38,0.4392669808217569,0.3480371243356008,0.17397506538305402,0.16957135998486772,0.06752970383516887,0.20869837909511782,0.07778034251870752,2.289473684210526,2.7598266175157127,0.0,0.0,0.0,0.0,0.7772837987071589,0.028398885572846422,0.7746615566705403,0.018652559348173208,0.7755906221113706,0.016518820535383904
ours,38,38,285.497571807658,0.21566672432652445,0.05854902171414668,0.716576332383808,0.1840557448596581,0.31837137572816193,0.06617732879096529,2.289473684210526,2.7598266175157127,0.2631578947368421,0.7599505861004167,0.08029689608636977,0.22056608267712985,0.7998276870501669,0.02009076280676651,0.855782571591829,0.021663014160227083,0.8266857407594982,0.016883086182322708
