run,evaluated_examples,matched_ground_truth,avg_prediction_time_taken,answer_token_precision_mean,answer_token_precision_std,answer_token_recall_mean,answer_token_recall_std,answer_token_f1_mean,answer_token_f1_std,gt_entity_total_mean,gt_entity_total_std,gt_entity_covered_mean,gt_entity_covered_std,gt_entity_coverage_mean,gt_entity_coverage_std
fullcontext,38,38,35.127638309667084,0.5954741447339736,0.1499027459266897,0.47270260900682304,0.2086899472814585,0.5080970122510048,0.17708679136708738,2.289473684210526,2.7598266175157127,0.13157894736842105,0.3425699874501045,0.08114035087719297,0.2423660601168618
grasp,38,38,172.50859370487314,0.0,0.0,0.0,0.0,0.0,0.0,2.289473684210526,2.7598266175157127,0.0,0.0,0.0,0.0
llmbased,38,38,0.4392669808217569,0.3480371243356008,0.17397506538305402,0.16957135998486772,0.06752970383516887,0.20869837909511782,0.07778034251870752,2.289473684210526,2.7598266175157127,0.0,0.0,0.0,0.0
