run,evaluated_examples,matched_ground_truth,avg_prediction_time_taken,answer_token_precision_mean,answer_token_precision_std,answer_token_recall_mean,answer_token_recall_std,answer_token_f1_mean,answer_token_f1_std,gt_entity_total_mean,gt_entity_total_std,gt_entity_covered_mean,gt_entity_covered_std,gt_entity_coverage_mean,gt_entity_coverage_std
fullcontext,53,53,38.68279741908301,0.4063430355471726,0.19352938594236582,0.36954934222136593,0.16696573107019871,0.35228201635794276,0.14980559470731192,3.0943396226415096,3.5962809365712807,0.11320754716981132,0.6095514542075675,0.02978723404255319,0.15591928460504295
grasp,53,53,152.8711328736357,0.0,0.0,0.0,0.0,0.0,0.0,3.0943396226415096,3.5962809365712807,0.0,0.0,0.0,0.0
llmbased,53,53,0.4404188577867693,0.3545628665166897,0.21874617831474513,0.17347237226558299,0.1055889756978209,0.19217682429721564,0.10273989649423607,3.0943396226415096,3.5962809365712807,0.1320754716981132,0.8329220078239989,0.02340425531914894,0.14627663779328298
