run,evaluated_examples,matched_ground_truth,avg_prediction_time_taken,answer_token_precision_mean,answer_token_precision_std,answer_token_recall_mean,answer_token_recall_std,answer_token_f1_mean,answer_token_f1_std,gt_entity_total_mean,gt_entity_total_std,gt_entity_covered_mean,gt_entity_covered_std,gt_entity_coverage_mean,gt_entity_coverage_std,bertscore_precision_mean,bertscore_precision_std,bertscore_recall_mean,bertscore_recall_std,bertscore_f1_mean,bertscore_f1_std
fullcontext,53,53,38.68279741908301,0.4063430355471726,0.19352938594236582,0.36954934222136593,0.16696573107019871,0.35228201635794276,0.14980559470731192,3.0943396226415096,3.5962809365712807,0.11320754716981132,0.6095514542075675,0.02978723404255319,0.15591928460504295,0.818191296649429,0.03151930233848911,0.8346013685442367,0.03935439334718755,0.8259171731067154,0.030642219441508568
grasp,53,53,152.8667532427232,0.26753543802580926,0.33533816604840083,0.21921869359313537,0.24871739517020988,0.18320384901118855,0.22178916052525446,3.0943396226415096,3.5962809365712807,0.16981132075471697,0.46969093998090394,0.11347517730496454,0.29510168348806826,0.8421302835146586,0.05417307237763347,0.8069963363500742,0.06596345887060906,0.8231892325939276,0.05422417057858683
llmbased,53,53,0.4404188577867693,0.3545628665166897,0.21874617831474513,0.17347237226558299,0.1055889756978209,0.19217682429721564,0.10273989649423607,3.0943396226415096,3.5962809365712807,0.1320754716981132,0.8329220078239989,0.02340425531914894,0.14627663779328298,0.794398936460603,0.032977593726503364,0.7887866856916895,0.02885981403708134,0.7910469320585143,0.022948527176923406
ours,53,53,204.87938492535613,0.1711277381845818,0.09705322812867934,0.49962204535336835,0.20810153908605886,0.22842447734806964,0.11081296360652408,3.0943396226415096,3.5962809365712807,0.09433962264150944,0.2950978288503027,0.06560283687943262,0.22383364507621653,0.788955752579671,0.03425834589476888,0.8431285057427749,0.035033151376597224,0.8146392478133148,0.028423642148164244
