method,comparisons,wins,losses,ties,winrate
ours,309,212,93,4,0.6925566343042071
fullcontext,103,45,55,3,0.45145631067961167
llmbased,103,27,76,0,0.2621359223300971
grasp,103,21,81,1,0.2087378640776699
