run,evaluated_examples,matched_ground_truth,avg_prediction_time_taken,answer_token_precision_mean,answer_token_precision_std,answer_token_recall_mean,answer_token_recall_std,answer_token_f1_mean,answer_token_f1_std,gt_entity_total_mean,gt_entity_total_std,gt_entity_covered_mean,gt_entity_covered_std,gt_entity_coverage_mean,gt_entity_coverage_std,bertscore_precision_mean,bertscore_precision_std,bertscore_recall_mean,bertscore_recall_std,bertscore_f1_mean,bertscore_f1_std
fullcontext,12,12,45.95363860166981,0.7240639350381456,0.11943089040063283,0.09043176281552895,0.0423353077858023,0.15608067021837116,0.05795481933788087,1.0,0.0,0.16666666666666666,0.3892494720807615,0.16666666666666666,0.3892494720807615,0.8638567874828974,0.06652112827133957,0.8557361314694086,0.08543590951404177,0.8595581899086634,0.07541998933234667
grasp,12,12,211.65108623825168,0.3339241946778711,0.13616808865707397,0.031755040688332556,0.04051385645295248,0.053708628954083626,0.06274042720573705,1.0,0.0,0.0,0.0,0.0,0.0,0.8506683905919393,0.011754122332224306,0.7644453942775726,0.013452372119096048,0.8051776240269343,0.00977422184243815
llmbased,12,12,0.4554204445060653,0.918546365914787,0.24309485018510557,0.8470481521795471,0.1540737882107348,0.8768104575163399,0.21062067146394306,1.0,0.0,0.0,0.0,0.0,0.0,0.9078123519817988,0.043208368727011545,0.886070559422175,0.03490178966763287,0.8967938125133514,0.03901073332850926
ours,12,12,288.86466329198447,0.3833782466243321,0.0689240049669175,0.14757943295495776,0.06864878941218117,0.2015461021297681,0.05966382935017794,1.0,0.0,0.25,0.4522670168666455,0.25,0.4522670168666455,0.8209418455759684,0.012064048884596695,0.7910721947749456,0.010624629970545288,0.8056201984484991,0.005426848947788353
